{"cameraMode":{"drawMode":0,"name":"Shaded","section":"Shading Mode"},"sceneLighting":false,"audioPlay":false,"sceneViewState":{"m_AlwaysRefresh":false,"showFog":true,"showSkybox":false,"showFlares":true,"showImageEffects":true,"showParticleSystems":true,"showVisualEffectGraphs":true,"m_FxEnabled":true},"in2DMode":false,"pivot":{"x":-0.05845010280609131,"y":1.077439785003662,"z":0.32245349884033205},"rotation":{"x":-0.4706783890724182,"y":0.4182356297969818,"z":-0.26889029145240786,"w":-0.7290499806404114},"size":1.5566637516021729,"orthographic":true}