{"cameraMode":{"drawMode":0,"name":"Shaded","section":"Shading Mode"},"sceneLighting":false,"audioPlay":false,"sceneViewState":{"m_AlwaysRefresh":false,"showFog":true,"showSkybox":false,"showFlares":true,"showImageEffects":true,"showParticleSystems":true,"showVisualEffectGraphs":true,"m_FxEnabled":true},"in2DMode":false,"pivot":{"x":895.98388671875,"y":2039.4127197265625,"z":14.6871337890625},"rotation":{"x":0.06970164179801941,"y":-0.039052169770002368,"z":-0.0001860809134086594,"w":-0.9971175193786621},"size":7.9435906410217289,"orthographic":true}