{"cameraMode":{"drawMode":0,"name":"Shaded","section":"Shading Mode"},"sceneLighting":false,"audioPlay":false,"sceneViewState":{"m_AlwaysRefresh":false,"showFog":true,"showSkybox":false,"showFlares":true,"showImageEffects":true,"showParticleSystems":true,"showVisualEffectGraphs":true,"m_FxEnabled":true},"in2DMode":false,"pivot":{"x":0.22136685252189637,"y":-0.8552795648574829,"z":21.57514762878418},"rotation":{"x":0.07838399708271027,"y":0.2150280624628067,"z":0.018942898139357568,"w":-0.9735497236251831},"size":2.4200844764709474,"orthographic":true}