{"cameraMode":{"drawMode":0,"name":"Shaded","section":"Shading Mode"},"sceneLighting":false,"audioPlay":false,"sceneViewState":{"m_AlwaysRefresh":false,"showFog":true,"showSkybox":false,"showFlares":true,"showImageEffects":true,"showParticleSystems":true,"showVisualEffectGraphs":true,"m_FxEnabled":true},"in2DMode":false,"pivot":{"x":0.2604331970214844,"y":-1.659999966621399,"z":15.558740615844727},"rotation":{"x":-0.6719508767127991,"y":0.018641911447048188,"z":-0.014527631923556328,"w":-0.7405785322189331},"size":3.6677777767181398,"orthographic":true}