{"cameraMode":{"drawMode":0,"name":"Shaded","section":"Shading Mode"},"sceneLighting":false,"audioPlay":false,"sceneViewState":{"m_AlwaysRefresh":false,"showFog":true,"showSkybox":false,"showFlares":true,"showImageEffects":true,"showParticleSystems":true,"showVisualEffectGraphs":true,"m_FxEnabled":true},"in2DMode":false,"pivot":{"x":0.10548046231269837,"y":0.2016451358795166,"z":25.99163818359375},"rotation":{"x":0.41820383071899416,"y":-0.023064423352479936,"z":0.006322093773633242,"w":0.9085079431533814},"size":1.0896284580230713,"orthographic":true}