{"cameraMode":{"drawMode":0,"name":"Shaded","section":"Shading Mode"},"sceneLighting":false,"audioPlay":false,"sceneViewState":{"m_AlwaysRefresh":false,"showFog":true,"showSkybox":false,"showFlares":true,"showImageEffects":true,"showParticleSystems":true,"showVisualEffectGraphs":true,"m_FxEnabled":true},"in2DMode":false,"pivot":{"x":0.9328558444976807,"y":-0.7549471855163574,"z":1.556483268737793},"rotation":{"x":-0.019521649926900865,"y":-0.7113550901412964,"z":-0.023863855749368669,"w":0.7026525139808655},"size":2.496403217315674,"orthographic":true}