{"cameraMode":{"drawMode":0,"name":"Shaded","section":"Shading Mode"},"sceneLighting":false,"audioPlay":false,"sceneViewState":{"m_AlwaysRefresh":false,"showFog":true,"showSkybox":false,"showFlares":true,"showImageEffects":true,"showParticleSystems":true,"showVisualEffectGraphs":true,"m_FxEnabled":true},"in2DMode":false,"pivot":{"x":0.2604331970214844,"y":-1.7024321556091309,"z":15.267315864562989},"rotation":{"x":-0.06617766618728638,"y":0.5569571852684021,"z":-0.04270480200648308,"w":-0.8270691633224487},"size":2.284416913986206,"orthographic":true}